Acc X,Acc Y,Acc Z,Gyro X,Gyro Y,Gyro Z,Compass X,Compass Y,Compass Z,Lidar,Temperature,Time
-6,32,-260,-71,72,31,12,133,-240,52,23.99,257
-2,33,-262,-72,72,29,8,134,-239,52,23.99,344
-4,34,-258,-72,73,17,9,132,-240,51,23.99,430
-6,31,-263,-73,72,17,11,134,-239,52,24.03,517
-8,31,-256,-71,71,27,14,135,-242,47,23.99,603
-3,37,-258,-72,73,19,12,134,-239,49,23.87,689
-2,33,-263,-72,74,28,10,133,-241,51,23.91,776
-14,27,-263,-67,71,24,9,135,-237,50,23.79,862
1,32,-257,-67,71,56,10,135,-239,51,23.87,949
0,33,-258,-74,73,7,10,133,-238,48,23.87,1035
-11,31,-261,-73,72,18,10,135,-239,51,23.93,1121
-2,36,-263,-68,71,49,12,134,-241,49,23.91,1208
0,34,-262,-73,72,18,15,134,-237,49,23.93,1294
5,-13,-255,-73,73,16,13,132,-241,52,23.87,1381
-6,50,-259,-69,71,43,7,140,-244,51,23.93,1467
-1,41,-256,-73,72,19,-4,164,-242,52,23.85,1554
-4,39,-262,-71,72,19,4,141,-222,50,23.91,1640
-5,24,-264,-69,72,41,12,132,-216,51,23.87,1727
-5,26,-259,-72,72,20,-1,135,-196,51,23.87,1813
-9,34,-260,-72,72,18,8,133,-237,51,23.87,1899
-5,34,-262,-70,71,37,10,134,-234,50,23.85,1986
-1,34,-260,-71,71,29,10,136,-237,50,23.79,2072
-6,36,-263,-74,72,13,14,134,-238,54,23.87,2159
-6,33,-260,-71,72,31,13,135,-237,51,23.85,2245
-1,35,-262,-70,71,37,12,135,-238,49,23.87,2332
-4,33,-263,-73,72,16,14,133,-238,49,23.87,2418
-7,33,-261,-72,72,24,11,137,-238,53,23.87,2505
-3,33,-263,-69,71,37,10,135,-238,50,23.87,2591
-2,34,-263,-72,72,21,9,136,-238,49,23.75,2678
-7,33,-262,-72,72,20,14,134,-235,48,23.81,2764
-4,32,-263,-70,72,33,12,135,-235,50,23.85,2851
-1,33,-262,-72,72,27,11,137,-238,48,23.81,2937
-4,31,-262,-72,72,19,16,134,-240,49,23.91,3024
-3,-27,-261,-71,71,30,8,133,-164,48,23.79,3110
-6,-15,-257,-72,72,29,19,128,-241,53,23.81,3196
-4,23,-262,-72,72,23,5,145,-182,51,23.81,3283
7,-17,-250,-72,72,27,16,141,-234,51,23.85,3369
-5,-31,-259,-71,72,30,10,132,-238,52,23.79,3457
0,44,-282,-71,71,25,16,144,-236,53,23.87,3543
5,-70,-244,-73,72,21,10,132,-237,52,23.79,3630
5,38,-261,-72,71,30,11,135,-231,49,23.85,3716
-2,34,-257,-70,70,32,10,134,-239,51,23.79,3803
-3,35,-264,-72,72,19,11,137,-240,50,23.87,3889
-6,33,-261,-71,72,25,12,132,-236,49,23.87,3976
-2,33,-261,-70,71,33,11,133,-238,50,23.81,4062
-3,33,-263,-72,71,24,12,132,-239,50,23.75,4149
-6,32,-259,-71,72,22,10,135,-239,50,23.85,4235
-5,33,-264,-71,71,32,14,136,-238,50,23.85,4322
-3,34,-262,-71,71,27,12,134,-238,48,23.79,4408
-4,33,-263,-72,72,22,13,135,-237,50,23.87,4494
-4,32,-263,-71,72,27,12,133,-238,48,23.87,4581
-3,34,-263,-71,71,30,10,134,-240,50,23.93,4667
-2,30,-258,-68,72,22,19,145,-237,50,23.93,4754
-9,30,-271,-73,71,26,0,153,-239,51,23.91,4840
1,84,-254,-70,71,32,17,173,-227,52,23.75,4927
1,-29,-259,-72,71,22,-14,184,-238,53,23.85,5013
4,-28,-257,-71,73,23,19,132,-240,52,23.75,5100
-4,34,-261,-71,71,33,10,136,-239,52,23.87,5186
-3,34,-260,-71,71,25,9,133,-238,50,23.87,5273
-6,32,-263,-72,72,20,12,135,-240,48,23.87,5359
-6,33,-259,-71,71,28,8,131,-238,50,23.87,5445
-2,34,-261,-71,72,29,8,135,-239,50,23.81,5532
-2,32,-260,-72,71,22,9,133,-237,49,23.79,5618
-3,33,-266,-72,72,25,12,134,-238,52,23.71,5705
-2,33,-265,-71,72,30,10,135,-239,53,23.85,5791
-1,26,-256,-72,72,24,13,133,-238,50,23.79,5878
-4,35,-270,-72,71,24,12,134,-236,49,23.81,5964
-4,34,-258,-71,71,29,9,136,-236,48,23.87,6051
-2,32,-266,-72,71,27,11,133,-238,51,23.81,6137
-5,31,-263,-72,71,23,10,136,-236,53,23.81,6224
-5,33,-261,-72,71,27,12,134,-237,48,23.85,6310
-3,34,-262,-71,71,28,12,135,-240,49,23.81,6397
-3,33,-263,-71,71,25,10,136,-238,49,23.81,6483
-4,34,-263,-72,71,25,14,135,-236,50,23.81,6569
-2,33,-257,-72,71,28,10,133,-238,51,23.75,6657
-4,34,-260,-71,72,26,12,132,-240,50,23.79,6743
-2,33,-262,-72,72,24,12,135,-240,49,23.71,6830
-4,32,-262,-71,71,27,13,131,-236,52,23.71,6916
-5,34,-263,-71,71,27,15,134,-238,49,23.69,7003
-4,32,-260,-72,71,25,10,134,-238,53,23.71,7089
-5,33,-264,-72,72,25,11,134,-236,52,23.79,7176
-4,32,-261,-71,72,28,9,135,-238,47,23.79,7262
-5,34,-260,-72,71,26,10,136,-238,49,23.71,7349
-5,32,-262,-71,71,25,12,134,-239,51,23.69,7435
-5,33,-261,-71,71,27,11,133,-238,47,23.71,7522
-4,34,-263,-71,71,27,10,132,-240,52,23.71,7608
-4,33,-262,-72,71,25,13,136,-237,50,23.69,7695
-4,33,-262,-71,71,26,14,135,-236,51,23.79,7781
-3,32,-263,-71,71,27,11,135,-239,50,23.65,7867
-3,33,-264,-71,71,26,11,133,-239,47,23.81,7954
-3,33,-261,-71,71,25,9,133,-238,49,23.71,8040
-4,34,-262,-71,71,27,11,135,-239,43,23.65,8127
-3,32,-262,-71,70,26,13,135,-238,47,23.75,8213
-3,33,-262,-72,71,26,11,136,-240,49,23.75,8300
-2,34,-261,-71,71,26,13,136,-239,51,23.65,8386
-4,32,-263,-71,72,26,12,316,-143,50,23.87,8473
-9,25,-268,-73,71,24,53,133,-141,50,23.69,8559
-13,30,-264,-74,72,23,57,-66,-222,51,23.75,8646
-4,36,-256,-72,71,27,26,64,-210,49,23.79,8732
-9,34,-264,-70,71,28,16,110,-200,48,23.69,8819
-8,32,-271,-72,72,24,6,115,-253,53,23.79,8905
-4,38,-262,-72,72,25,-4,150,-202,52,23.71,8991
-1,24,-259,-69,70,32,24,89,-209,48,23.71,9078
24,37,-254,-71,71,25,32,24,-207,49,23.63,9164
10,45,-258,-69,70,23,-5,78,-289,51,23.59,9251
-4,48,-260,-77,71,28,6,71,-255,48,23.59,9337
6,22,-253,-65,71,28,22,141,-224,48,23.57,9424
-18,26,-273,-75,69,24,8,116,-224,50,23.63,9510
-22,35,-284,-76,69,27,21,72,-262,51,23.53,9597
9,-2,-205,-68,71,28,4,144,-237,49,23.47,9683
-13,30,-242,-64,73,23,10,86,-335,51,23.47,9769
-12,46,-232,-63,74,25,-13,126,-269,51,23.51,9857
-19,7,-264,-71,72,29,33,119,-272,49,23.45,9943
-2,46,-227,-70,77,24,0,128,-273,52,23.39,10030
-40,23,-236,-76,74,25,10,112,-208,51,23.47,10116
-57,18,-233,-69,77,32,2,113,-225,49,23.57,10203
-107,-32,-258,-85,69,27,28,59,-232,48,23.53,10289
-28,16,-258,-70,68,26,28,138,-222,50,23.51,10376
-30,54,-146,-80,69,25,15,-14,-217,48,23.51,10463
-40,12,-250,-68,71,26,-5,184,-230,51,23.45,10549
10,25,-304,-51,76,26,-18,85,-202,48,23.51,10636
-74,-5,-163,-56,69,32,36,5,-238,50,23.45,10722
-14,40,-177,-45,77,32,-4,55,-230,48,23.53,10809
2,60,-318,-37,75,36,27,70,-305,51,23.57,10895
5,59,-326,-53,75,36,-10,60,-220,50,23.53,10981
25,-23,-512,-108,61,24,5,85,-229,50,23.57,11068
82,-31,-101,-70,74,38,-15,118,-228,49,23.57,11155
62,118,-189,-62,77,32,6,23,-227,50,23.41,11241
47,55,-227,-64,70,46,12,119,-204,48,23.51,11328
103,65,-80,-80,65,45,-17,28,-193,48,23.47,11414
13,56,-146,-47,70,46,18,72,-216,50,23.57,11501
15,85,-149,-83,63,34,-12,57,-230,49,23.47,11587
24,84,-261,-113,58,22,5,74,-215,49,23.51,11674
74,89,-387,-79,70,17,2,35,-225,51,23.53,11760
25,76,19,-58,79,25,-7,142,-197,48,23.53,11847
57,33,-344,-116,74,26,-21,76,-196,49,23.57,11933
17,51,-333,-55,68,36,-28,91,-236,48,23.51,12020
-58,-57,-38,-81,62,56,-6,44,-200,49,23.51,12106
-6,71,-325,-74,73,55,2,25,-168,53,23.53,12192
-18,45,-450,-90,67,43,2,88,-193,50,23.53,12279
47,80,-81,-34,87,29,-12,88,-195,48,23.59,12365
-68,-57,10,-68,66,41,50,33,-224,50,23.57,12452
-234,-5,-213,-79,71,73,-47,81,-200,47,23.57,12538
37,57,-276,-41,69,74,-3,5,-179,50,23.57,12625
-108,28,29,-42,68,87,-55,67,-211,50,23.65,12711
-63,-15,71,-67,56,96,6,24,-264,51,23.57,12798
-110,-74,-349,-37,56,122,-11,55,-265,51,23.59,12884
-38,96,-326,-19,77,100,9,32,-233,49,23.57,12972
110,10,-339,-95,52,118,-18,86,-254,49,23.51,13059
8,-30,-110,-49,81,113,16,64,-228,50,23.63,13145
0,61,-91,-89,69,89,7,106,-252,44,23.59,13231
-35,-75,-90,-70,76,69,0,64,-268,51,23.59,13318
4,39,29,-57,66,58,1,80,-183,48,23.65,13404
-47,36,-199,-38,70,60,-16,61,-363,49,23.65,13491
-97,1,-179,-87,55,27,8,59,-224,50,23.65,13577
43,78,-249,-63,91,-11,-20,30,-207,45,23.63,13664
-64,51,-255,-63,70,-39,-8,36,-257,48,23.69,13750
61,58,-66,-76,81,-26,11,58,-210,49,23.65,13837
-44,124,-122,-73,84,-22,6,30,-176,50,23.65,13923
-127,13,-32,-76,80,-7,1,-25,-205,49,23.65,14010
146,32,-36,-86,81,7,33,55,-206,52,23.65,14096
102,-23,-505,-116,58,36,-2,-39,-215,51,23.69,14183
60,-25,-473,-83,90,35,-7,57,-80,49,23.75,14269
112,92,-220,-65,89,41,-72,6,-240,49,23.85,14356
153,9,-108,-66,65,58,-18,61,-269,51,23.81,14442
-19,17,-1,-53,68,79,47,89,-203,48,23.81,14529
-74,41,-327,-76,63,88,-29,37,-251,48,23.75,14615
-55,128,-415,-14,26,89,43,-30,-244,50,23.75,14702
136,43,76,-108,-7,100,-2,-32,-236,55,23.79,14788
57,-28,-314,-33,70,95,35,-70,-156,58,23.85,14875
115,-72,-325,-18,189,98,-93,41,-278,57,23.75,14961
-54,13,-45,5,160,82,17,11,-335,66,23.81,15048
-20,107,-208,-40,76,70,-7,-21,-189,69,23.79,15134
-110,-38,-221,-91,-8,70,-28,4,-237,68,23.81,15221
80,-26,-119,-149,-23,79,-34,12,-217,64,23.87,15307
-53,73,-236,-203,-12,88,-44,53,-198,56,23.85,15394
-41,129,-390,-92,321,82,-43,65,-231,54,23.85,15481
80,114,-284,25,68,84,-49,78,-190,51,23.75,15567
18,48,-149,-87,50,97,-54,10,-218,53,23.69,15654
77,22,-305,-91,98,75,-77,6,-236,48,23.75,15740
-133,-13,23,13,5,51,-48,42,-185,46,23.79,15827
-28,-1,-240,21,-19,43,-94,-24,-155,47,23.81,15913
-68,41,-2,12,147,74,-61,43,-234,47,23.79,16001
-109,-47,-466,-86,205,96,-31,21,-173,48,23.87,16087
-9,-70,-440,-150,129,102,-73,88,-221,49,23.87,16174
16,25,-291,-140,-23,84,-36,35,-254,52,23.85,16260
78,25,-447,-139,57,98,8,45,-238,51,23.75,16347
-13,48,189,-51,7,58,26,71,-205,54,23.71,16433
-110,-13,-297,-88,-185,-10,-5,70,-193,62,23.69,16520
-194,37,-357,-105,-401,-48,-21,136,-187,68,23.75,16607
184,58,-512,-115,-510,-64,-30,9,-125,71,23.81,16693
152,111,-207,-118,-409,-55,-15,38,-116,76,23.87,16780
46,130,6,-96,-115,-31,78,108,-115,78,23.87,16867
-91,-13,-290,-63,252,-14,1,46,-158,80,23.87,16953
71,-31,-115,-14,575,42,-4,47,-169,69,23.85,17040
13,-54,-211,-33,635,59,-23,170,-193,64,23.79,17126
33,75,-459,-93,381,37,-37,34,-239,58,23.79,17213
-30,-111,-283,-93,36,18,19,-58,-215,55,23.81,17300
69,-12,-79,64,-114,1,14,-94,-193,52,23.79,17386
56,51,-512,122,-20,34,-72,85,-132,57,23.91,17473
-19,37,-96,24,233,71,-34,-45,-154,68,23.85,17559
95,183,-191,0,319,94,-30,-49,-150,74,23.85,17646
126,78,-301,-6,184,90,-71,-80,-114,82,23.97,17732
-59,-39,-466,27,24,85,-85,23,-190,91,23.65,17819
2,61,-288,-46,-51,73,-11,43,-204,104,23.79,17905
-204,-36,40,-115,51,65,-33,-4,-176,126,23.59,17992
-119,-15,-174,-163,151,63,-49,146,-279,153,23.81,18079
110,93,39,-34,180,37,-11,47,-227,161,23.79,18165
196,72,84,50,116,21,-47,115,-279,152,23.71,18252
42,69,-386,-36,77,22,-113,93,-205,156,23.71,18338
79,-63,-94,-208,132,32,-55,60,-172,199,23.71,18425
95,92,-150,-574,168,57,-11,-7,-221,441,23.71,18512
-98,13,-506,-725,63,34,22,-7,-248,1262,23.65,18598
-18,55,-302,-513,-126,7,70,-2,-223,1220,23.65,18685
-69,32,-345,-6,21,-26,23,23,-182,1196,23.65,18772
48,-25,-73,330,253,-14,62,47,-207,401,23.65,18859
-211,95,-467,518,282,-9,-6,45,-208,192,23.63,18946
58,7,-232,429,144,-3,-82,-24,-191,125,23.51,19032
-104,40,-229,-10,-79,21,-74,-121,-239,128,23.51,19119
-211,-14,-226,-467,-71,51,-24,47,-254,221,23.65,19206
70,-2,-225,-717,-91,109,-76,66,-263,0,23.41,19292
123,58,-228,-363,42,96,-39,-67,-178,1176,23.41,19379
153,128,-512,93,389,101,84,29,-353,431,23.57,19466
-112,-58,-505,375,580,106,56,-21,-267,211,23.51,19553
-1,176,3,361,402,120,-42,66,-305,168,23.59,19639
-3,-17,75,-19,48,125,-136,-15,-244,191,23.59,19726
-145,-45,-445,-355,-224,118,-9,-92,-302,286,23.59,19812
1,-59,-435,-326,-172,106,-5,107,-294,447,23.65,19899
59,81,-512,-139,-86,113,-23,155,-286,450,23.53,19986
67,172,-512,160,37,124,-9,-51,-249,323,23.53,20072
127,187,-187,209,71,140,-16,-21,-273,275,23.53,20159
-103,-29,-330,72,27,162,-143,66,-231,269,23.59,20246
33,92,-180,6,8,163,-56,30,-290,286,23.51,20332
-80,-81,-275,-83,-16,171,-29,-53,-256,315,23.53,20419
144,134,-507,-49,-66,171,-126,7,-188,312,23.53,20506
53,88,-120,98,-143,156,-33,8,-221,288,23.53,20592
24,57,78,123,-329,136,-103,53,-224,275,23.63,20679
-143,51,193,-35,-542,114,-83,-3,-172,304,23.57,20766
-135,41,-478,-397,-603,133,2,-67,-389,417,23.65,20853
-129,-13,-174,-369,-264,139,-131,80,-100,564,23.65,20939
-50,51,-423,-105,382,206,-139,35,-46,492,23.53,21026
108,24,-298,371,877,221,-55,49,-167,333,23.53,21113
-23,-107,-198,598,856,218,-129,50,-166,258,23.53,21200
94,78,-135,79,446,232,-135,7,-211,279,23.71,21286
-155,-68,-343,-808,20,229,-97,93,-225,0,23.65,21373
-175,-97,36,-1134,-384,211,-17,113,-289,869,23.75,21460
-34,47,-512,-520,-506,173,-70,108,-186,698,23.71,21547
-40,119,-399,404,-129,160,-60,-77,-122,563,23.69,21634
-152,110,-453,1001,505,201,-178,95,-166,202,23.63,21721
-256,23,-287,784,772,234,-199,90,-192,119,23.65,21808
-1,-33,-120,302,512,247,-248,28,-217,91,23.57,21895
-64,-110,-391,-329,-127,227,-230,58,-255,76,23.57,21981
-155,77,-60,-714,-749,202,-237,114,-184,51,23.59,22068
81,341,-512,-1372,813,333,-129,160,-207,120,23.63,22155
-128,-178,511,50,457,188,-156,175,-243,82,23.57,22242
160,66,-445,-407,-405,232,-186,347,-176,44,23.51,22329
-250,84,-339,-204,-6,237,-148,341,-251,48,23.45,22415
81,35,-46,-178,-15,270,-140,323,-286,50,23.41,22502
-34,32,173,-66,-29,321,-132,299,-300,47,23.51,22589
71,-17,332,-123,-79,384,-149,266,-285,48,23.51,22675
-51,-63,-264,-56,1,437,-162,257,-278,48,23.53,22762
25,-37,-163,-129,8,455,-173,257,-262,48,23.47,22849
-70,-34,-512,-93,5,452,-183,258,-253,47,23.59,22935
-55,41,-512,-104,34,236,-185,259,-248,47,23.45,23022
-3,26,-281,-77,72,-7,-187,259,-252,48,23.51,23109
-9,29,-270,-71,69,28,-185,262,-249,46,23.57,23195
8,37,-261,-69,69,49,-186,260,-245,45,23.53,23282
-13,25,-266,-75,72,5,-183,262,-246,49,23.53,23368
-7,25,-267,-71,71,25,-181,260,-246,48,23.41,23455
3,35,-263,-69,70,46,-183,258,-248,48,23.53,23541
-7,31,-269,-74,72,13,-182,258,-247,47,23.57,23628
-5,33,-266,-72,70,24,-185,260,-249,47,23.63,23715
-2,34,-272,-68,69,43,-186,261,-248,48,23.59,23801
4,35,-259,-73,71,18,-185,261,-248,48,23.69,23888
-14,26,-262,-72,71,22,-184,261,-247,46,23.65,23974
2,37,-258,-69,71,37,-186,260,-247,46,23.63,24061
-3,31,-267,-72,71,21,-184,258,-244,48,23.63,24148
-8,27,-258,-72,72,23,-185,260,-250,46,23.65,24235
-5,30,-260,-70,71,35,-188,259,-248,48,23.59,24322
-3,33,-266,-71,71,24,-188,257,-250,46,23.59,24408
-9,34,-265,-71,71,22,-183,261,-248,47,23.57,24495
-9,33,-261,-69,71,32,-186,260,-246,48,23.71,24581
1,35,-254,-71,71,26,-183,258,-247,47,23.75,24668
-4,36,-262,-73,71,19,-185,262,-247,46,23.69,24755
-3,34,-261,-71,70,30,-184,261,-248,47,23.69,24841
-3,30,-270,-72,71,28,-183,260,-246,46,23.59,24928
-7,30,-268,-73,71,23,-182,261,-245,45,23.71,25014
-5,32,-263,-71,70,29,-187,262,-246,46,23.65,25101
-1,33,-266,-71,70,28,-185,263,-248,47,23.65,25187
-4,29,-267,-73,71,22,-186,260,-247,47,23.69,25274
-2,30,-266,-72,71,27,-186,258,-251,48,23.75,25361
-3,33,-265,-71,71,32,-186,260,-250,47,23.57,25447
-3,31,-265,-73,71,18,-181,263,-249,48,23.57,25534
-6,30,-264,-72,70,26,-188,262,-250,48,23.71,25620
-1,30,-263,-70,70,37,-185,261,-252,49,23.65,25707
-1,31,-262,-73,71,20,-186,258,-249,47,23.69,25793
-5,29,-263,-72,71,19,-183,259,-247,48,23.69,25880
-2,32,-262,-70,70,38,-181,261,-251,47,23.85,25967
-1,33,-263,-73,-258,-258,-183,261,-246,47,23.71,26053
-4,31,-262,-72,71,18,-185,259,-251,45,23.71,26140
-5,31,-261,-70,71,35,-183,262,-251,47,23.71,26226
-1,33,-264,-71,71,28,-185,261,-251,48,23.75,26313
-5,30,-263,-73,71,17,-186,262,-250,48,23.75,26400
-3,32,-260,-71,71,32,-183,258,-250,46,23.81,26486
-1,33,-262,-71,71,29,-186,260,-249,47,23.75,26573
-5,32,-262,-73,71,19,-186,260,-252,47,23.79,26659
-4,31,-261,-71,70,29,-188,260,-249,46,23.71,26746
-1,33,-263,-71,70,32,-186,259,-248,47,23.87,26832
-3,32,-263,-73,71,21,-183,261,-248,48,23.75,26919
-5,32,-261,-72,71,27,-186,262,-249,47,23.75,27006
-3,32,-264,-71,71,32,-185,258,-248,49,23.79,27092
-4,32,-261,-72,72,23,-184,262,-250,47,23.79,27180
-5,31,-263,-72,71,25,-183,262,-249,48,23.91,27266
-3,31,-263,-71,71,32,-188,260,-251,47,23.81,27353
-2,31,-264,-72,70,25,-183,260,-250,46,23.81,27439
-3,32,-263,-72,70,24,-184,260,-247,47,23.87,27526
-3,31,-262,-71,71,31,-186,261,-249,49,23.71,27613
2,35,-262,-74,72,24,-185,258,-251,49,23.71,27699
-23,38,-273,-73,70,22,-176,211,-242,47,23.91,27786
-12,39,-259,-68,71,29,-191,262,-248,46,23.69,27872
-10,24,-257,-72,72,27,-201,256,-258,47,23.71,27959
-6,28,-266,421,420,419,-191,273,-251,46,23.63,28045
4,34,-265,-69,71,30,-170,203,-274,47,23.71,28132
0,37,-256,-70,72,27,-199,272,-228,47,23.71,28218
-2,21,-265,-71,72,23,-188,237,-261,50,23.71,28305
-3,36,-263,-73,71,30,-204,255,-250,47,23.71,28391
13,48,-251,-67,69,28,-186,175,-272,47,23.71,28478
7,-11,-246,-67,74,25,-199,256,-223,45,23.65,28565
17,9,-322,-75,68,25,-169,207,-183,47,23.65,28651
-20,11,-197,-80,71,27,-230,281,-278,47,23.59,28738
-42,45,-319,-81,71,27,-201,268,-222,47,23.65,28824
-24,72,-395,-83,74,35,-203,239,-213,46,23.65,28911
-83,30,-142,-79,74,28,-195,189,-222,47,23.53,28998
-43,27,-350,-78,74,45,-174,204,-306,47,23.53,29084
-35,35,-151,-91,63,49,-238,241,-138,49,23.57,29171
44,61,-218,-63,65,79,-230,154,-193,46,23.45,29258
-47,38,-353,-39,75,90,-177,163,-205,49,23.53,29344
-27,13,-408,-50,72,104,-215,194,-202,49,23.71,29431
74,43,-304,-71,75,91,-210,200,-245,47,23.53,29517
59,175,-255,-59,65,78,-212,215,-174,48,23.51,29604
65,70,-376,-95,61,81,-202,142,-254,48,23.57,29691
-171,84,-131,-84,78,74,-168,175,-235,47,23.69,29777
96,133,-408,-75,81,72,-210,193,-287,51,23.69,29864
-83,-81,-262,-97,66,51,-196,88,-255,58,23.63,29952
247,-27,-165,-144,56,68,-185,207,-222,77,23.53,30038
125,51,-478,-259,89,98,-181,200,-253,110,23.65,30125
-238,16,-512,-159,72,105,-147,175,-234,122,23.71,30212
-174,56,-349,-81,61,113,-188,106,-198,117,23.59,30299
-22,156,-36,3,41,130,-132,133,-226,94,23.71,30385
-40,111,-156,132,63,128,-145,191,-224,63,23.79,30472
-44,95,-275,210,46,130,-205,143,-216,50,23.79,30559
17,62,-171,-100,80,133,-203,141,-239,59,23.69,30645
-88,-18,-113,-170,48,130,-151,148,-246,58,23.63,30732
33,-23,-289,-89,53,120,-252,134,-211,65,23.63,30819
-53,-1,-71,-124,63,150,-239,97,-108,82,23.79,30905
167,108,-144,-223,18,175,-245,210,-245,115,23.65,30992
-16,100,-80,-101,15,183,-213,74,-142,113,23.87,31079
-2,-21,-245,117,24,188,-202,176,-233,92,23.81,31166
-188,3,-58,194,163,213,-114,98,-233,92,23.81,31252
-6,-27,-72,57,218,226,-232,53,-149,100,23.71,31339
-81,9,-502,-139,136,217,-247,125,-221,130,23.79,31426
-41,16,-174,-251,-84,175,-188,205,-276,175,23.79,31512
15,10,-512,-272,-164,135,-238,62,-202,243,23.81,31599
13,106,-323,-114,-48,112,-181,56,-196,237,23.81,31686
-142,-8,-420,109,164,101,-256,2,-164,159,23.81,31773
28,93,-244,282,284,99,-277,142,-181,122,23.91,31859
146,0,-117,193,221,89,-300,195,-208,112,23.79,31946
19,66,-333,-78,7,78,-240,124,-151,124,23.79,32033
138,121,49,-231,-99,75,-220,117,-258,148,23.79,32120
-107,37,-299,-221,-84,85,-271,125,-189,180,23.85,32206
101,30,-426,-138,45,84,-247,78,-207,204,23.97,32293
-34,63,-193,-82,111,120,-247,105,-147,212,23.85,32380
-77,-75,-119,2,130,130,-319,171,-111,214,23.79,32466
9,-42,-512,59,100,154,-257,88,-166,209,23.69,32553
-18,80,-241,25,86,168,-295,186,-147,229,23.75,32641
-7,-25,-278,-89,2,173,-289,65,-118,259,23.75,32727
138,117,-331,-140,-13,175,-260,123,-156,306,23.69,32814
18,-78,-191,-60,11,173,-251,118,-140,316,23.71,32901
-29,66,-152,19,-14,174,-212,68,-156,297,23.63,32988
-64,63,-265,22,32,172,-267,96,-86,283,23.65,33074
-71,77,-505,58,61,160,-207,105,-266,272,23.69,33161
-61,0,8,-43,20,154,-243,233,-181,262,23.65,33248
-77,11,-261,-75,63,145,-260,171,-139,243,23.65,33334
-133,-8,-330,-76,120,148,-283,-19,-109,233,23.69,33421
-124,-41,-353,-154,172,129,-213,101,-180,222,23.69,33508
50,149,-512,-66,156,113,-244,74,-148,199,23.65,33595
89,-71,-512,-86,106,107,-240,131,-109,188,23.81,33681
84,6,-512,-186,39,85,-211,36,-151,170,23.65,33768
-55,34,-349,-91,50,83,-260,122,-99,137,23.63,33855
-10,104,-489,51,81,64,-174,50,-80,103,23.63,33941
101,49,-512,38,136,46,-274,-92,-124,82,23.69,34028
78,74,-50,-123,157,30,-214,-5,-112,77,23.65,34114
24,6,-249,-142,164,32,-257,-97,-146,76,23.65,34201
-41,27,-125,-201,175,44,-224,-34,-170,89,23.65,34288
-126,-56,-367,-246,127,46,-235,55,-209,98,23.63,34374
-10,-29,-164,-54,51,40,-207,80,-193,95,23.63,34461
157,136,-337,72,-103,55,-285,37,-161,81,23.59,34548
-232,-14,-512,211,-143,81,-245,67,-151,75,23.69,34634
-130,1,-316,114,39,92,-344,24,-143,85,23.71,34721
-221,-4,-77,-165,70,72,-211,-73,-196,111,23.59,34808
70,22,-459,-304,-16,62,-327,81,-182,155,23.59,34894
-108,83,-251,-275,21,83,-254,35,-145,199,23.53,34981
-75,50,-404,-2,43,84,-228,6,-200,192,23.51,35068
-33,-50,-512,178,80,91,-245,-12,-137,163,23.65,35154
210,124,-421,179,-236,64,-329,26,-133,154,23.51,35241
60,-1,-387,-100,-625,49,-323,22,-80,183,23.65,35329
15,27,-361,-432,-685,61,-350,-100,27,243,23.57,35416
-110,40,-17,-261,-199,99,-286,93,-30,280,23.57,35502
145,96,-512,90,529,145,-292,57,-30,242,23.59,35589
-59,-59,-183,384,867,178,-299,117,-117,176,23.59,35676
6,100,-63,538,719,164,-319,116,-131,126,23.59,35762
7,99,105,409,427,153,-375,106,-163,94,23.63,35849
-78,39,-358,-13,-16,140,-374,73,-142,72,23.57,35936
-22,-21,-9,-424,-320,124,-386,23,-115,34,23.65,36022
89,45,511,-3285,1138,298,-356,221,-129,65,23.63,36109
34,115,-512,-217,289,129,-297,161,-176,58,23.71,36196
181,-18,-356,19,-198,85,-284,157,-182,47,23.69,36283
-26,-17,-286,-187,240,51,-260,159,-156,45,23.69,36369
116,61,-17,-11,29,-17,-254,135,-130,43,23.53,36456
12,99,54,-48,48,-73,-253,131,-162,45,23.69,36543
-55,-45,-431,-62,67,-120,-288,238,-147,46,23.71,36629
52,44,-283,-123,136,-174,-257,165,-214,44,23.65,36716
-72,-3,-105,-128,137,-219,-296,184,-171,43,23.79,36803
-24,-38,-253,-121,96,-244,-276,222,-235,45,23.75,36890
66,-19,-433,-108,111,-250,-276,175,-182,47,23.75,36976
-26,38,-149,-85,119,-239,-274,191,-196,46,23.75,37063
111,19,-381,-36,112,-214,-267,122,-217,46,23.79,37150
26,22,-286,-77,93,-175,-268,163,-212,45,23.71,37236
-77,-26,-47,-146,55,-131,-244,176,-248,44,23.81,37323
34,38,-202,-64,83,-61,-241,116,-225,46,23.91,37410
-116,4,-222,-59,81,9,-243,182,-246,42,23.87,37496
112,19,38,-85,64,26,-242,131,-206,46,23.87,37583
15,40,-512,-60,78,13,-244,218,-219,45,23.87,37670
-50,1,-187,-58,80,21,-250,138,-204,46,23.87,37756
52,122,-94,-67,73,9,-245,166,-196,44,23.87,37843
41,20,-428,-60,77,20,-243,161,-261,44,23.85,37929
-20,5,-425,-77,62,19,-255,222,-183,44,23.75,38017
-100,26,-201,-50,74,15,-238,213,-261,45,23.93,38104
153,51,-99,-71,68,13,-250,189,-220,43,23.85,38190
-29,3,-311,-46,78,20,-233,151,-203,45,23.85,38277
-63,94,-392,-49,87,22,-252,210,-238,44,23.85,38363
-54,69,-243,-101,68,9,-254,132,-247,44,23.75,38450
52,26,-359,-69,70,37,-267,208,-251,45,23.75,38537
-74,63,-336,-106,85,22,-261,222,-229,45,23.81,38623
-7,33,-183,-67,76,34,-263,224,-232,45,23.81,38710
13,33,-293,-79,70,22,-266,221,-231,45,23.97,38797
-14,13,-258,-73,68,31,-264,222,-230,44,23.91,38883
-3,35,-273,-70,70,25,-264,222,-233,46,23.81,38970
-31,38,-254,-71,71,26,-264,224,-232,45,23.93,39056
-14,25,-250,-69,71,29,-269,222,-234,45,23.87,39143
-3,51,-273,-74,71,24,-267,226,-229,45,23.85,39230
-10,38,-260,-69,72,30,-260,223,-229,45,23.85,39316
2,28,-262,-75,70,27,-265,224,-228,45,23.79,39403
-9,25,-273,-72,71,27,-269,224,-226,45,23.85,39489
-10,29,-267,-73,71,27,-266,175,-195,44,23.85,39576
-6,19,-270,-72,72,30,-234,186,-265,43,23.81,39663
-4,32,-252,-74,71,24,-271,254,-223,45,23.75,39749
1,35,-259,-72,71,28,-235,123,-208,45,23.81,39836
-12,38,-229,-85,71,24,-223,77,-204,48,23.85,39922
27,6,-160,-89,69,33,-264,125,-217,45,23.85,40009
66,-27,-127,-79,57,31,-268,115,-168,46,23.79,40095
90,-10,-164,-90,71,42,-267,152,-257,45,23.75,40182
-17,25,-302,-89,78,29,-265,142,-222,47,23.87,40269
18,53,-267,-70,66,24,-263,276,-199,44,23.85,40355
-57,-39,-109,-81,50,3,-273,145,-276,46,23.91,40442
-92,-26,-56,-73,39,16,-274,159,-239,43,23.91,40528
-143,-12,-154,-56,67,53,-243,125,-212,41,23.85,40615
72,89,-234,-76,71,59,-254,132,-172,43,23.97,40702
51,-16,-157,-82,82,16,-251,171,-179,45,23.97,40788
43,11,-272,-93,103,16,-293,161,-207,49,23.75,40876
-75,-44,-412,-64,48,50,-259,168,-168,44,23.85,40963
122,78,-348,-80,28,51,-320,168,-215,44,23.79,41049
24,66,-129,-67,77,44,-281,142,-209,43,23.87,41136
-18,25,-106,-79,79,10,-267,202,-222,43,23.91,41223
45,51,-142,-76,89,13,-306,132,-227,47,23.93,41309
32,35,-398,-115,119,18,-288,185,-161,47,23.85,41396
-10,70,-512,-98,72,0,-259,150,-245,46,23.97,41482
-78,70,-419,-72,78,13,-289,134,-194,45,23.97,41569
-48,17,22,-66,100,35,-281,143,-240,47,23.93,41656
-63,12,-305,-46,81,35,-323,114,-135,47,23.91,41742
59,84,-411,-51,124,19,-298,54,-202,48,23.87,41829
-80,-25,-512,-65,230,56,-299,159,-216,54,23.97,41916
-30,101,-289,-30,393,84,-254,88,-233,63,23.87,42002
43,67,-317,-7,544,87,-317,94,-314,74,23.99,42089
-68,-21,-255,23,618,84,-279,114,-300,78,23.93,42175
-34,49,-331,-32,423,65,-281,142,-305,83,23.93,42262
88,11,-251,-29,-57,-42,-302,126,-287,78,23.93,42349
-40,-6,-401,-121,-612,-116,-315,112,-386,61,23.99,42436
-110,17,-477,-236,-907,-119,-311,120,-247,43,23.91,42522
-66,-4,-211,-144,50,-33,-241,192,-262,47,23.91,42609
-59,44,-98,-77,121,-39,-258,147,-261,47,23.99,42696
118,63,-230,-79,-94,-77,-287,149,-217,44,23.93,42782
-9,25,-106,-107,74,-64,-238,151,-184,46,23.93,42869
12,42,-317,-43,87,-62,-251,207,-211,46,23.91,42956
-14,35,-307,-64,41,-63,-232,88,-198,47,23.91,43042
31,80,-418,-127,47,-2,-241,131,-243,44,23.85,43129
-38,105,-204,-97,49,63,-250,181,-173,46,23.79,43215
25,63,-134,-3,-515,-515,-264,177,-188,44,23.79,43302
-67,36,-166,-74,65,42,-264,206,-189,44,23.91,43389
-11,30,-254,-84,57,39,-245,154,-193,44,23.93,43475
-56,33,-192,-80,59,44,-234,143,-209,43,24.09,43563
-42,-11,-103,-80,62,46,-243,123,-206,46,23.87,43650
-206,-48,-333,-99,-11,16,-263,184,-195,46,23.87,43736
-164,-5,-319,-60,-89,4,-253,140,-192,48,23.91,43823
195,91,-121,-135,-253,25,-241,155,-137,49,23.81,43910
37,165,-103,-124,-342,-9,-275,235,-160,56,23.87,43996
-83,-6,-344,-146,-335,-5,-284,184,-78,56,23.91,44083
-52,83,-121,-84,18,-4,-264,140,-67,54,23.91,44169
6,-70,-105,-27,623,72,-241,226,-110,48,23.99,44256
-135,11,-359,-6,1198,165,-250,163,-150,49,23.93,44343
144,82,-346,-119,191,139,-255,224,-268,47,23.93,44430
27,-36,-435,-48,77,8,-226,162,-216,46,23.93,44516
-86,-17,-14,-111,67,-36,-269,241,-229,47,23.97,44603
8,-41,-32,-48,69,-14,-243,185,-232,47,23.99,44689
62,44,-223,-107,87,18,-237,133,-205,46,23.93,44776
-68,58,-139,-9,185,42,-305,157,-240,48,24.03,44863
-52,78,-211,4,344,77,-322,54,-141,57,23.91,44949
-138,-31,-131,-46,458,91,-302,192,-229,68,23.97,45036
72,112,-146,12,618,27,-264,131,-185,77,23.99,45123
-162,-2,-215,88,605,-75,-254,128,-289,83,23.99,45209
161,27,-338,25,173,-229,-297,116,-316,75,23.99,45296
-24,-52,-436,23,-500,-409,-262,169,-338,56,23.85,45383
-54,29,-100,-171,-737,-516,-287,258,-331,46,23.93,45470
-66,48,-80,-432,-544,-521,-285,131,-174,42,23.93,45556
-296,-65,-391,-24,138,-495,-166,-187,-183,41,24.03,45643
-1,24,-369,202,114,-557,-157,246,-416,37,23.87,45730
130,-52,261,38,64,-558,-239,-17,-180,35,23.91,45816
154,-83,-483,-118,106,-402,-201,99,-199,39,23.91,45903
-20,25,-445,-320,137,-262,-204,76,-177,43,23.97,45990
110,-31,-475,-191,127,-258,-217,120,-237,43,23.97,46077
96,-51,-145,-101,47,-90,-244,128,-243,41,23.97,46163
-151,-24,-105,35,91,-39,-121,40,-306,43,23.91,46251
185,30,41,195,36,-10,-111,183,-341,33,23.87,46338
-86,-27,-408,461,-35,3,-237,323,-353,28,23.79,46424
-10,-37,-141,753,-67,90,-366,190,-198,26,23.97,46511
48,-44,-70,806,-26,183,-341,164,-308,25,23.87,46598
120,52,-17,509,99,369,-376,80,-249,22,23.97,46684
-125,-34,-512,-92,194,576,-395,136,-246,25,23.97,46771
-84,54,-423,-724,307,715,-384,176,-210,18,23.87,46858
-118,-52,-393,-1157,288,731,-277,141,-262,34,23.91,46945
-70,43,63,-1129,168,631,-211,156,-224,45,23.91,47032
170,-27,-512,107,91,460,-236,164,-219,38,23.91,47118
-52,-82,-40,83,42,453,-255,168,-199,40,23.87,47205
42,-35,-98,-306,84,443,-234,136,-192,48,23.85,47292
-224,71,-512,-104,18,379,-262,180,-223,45,23.93,47378
-148,64,-401,-66,57,370,-273,140,-183,46,24.05,47465
-51,-16,-118,-52,31,361,-256,170,-158,46,24.05,47552
-108,-23,-414,-22,51,332,-273,201,-226,47,23.91,47638
-7,98,-347,-36,59,306,-254,182,-164,46,23.81,47725
-64,13,-225,-31,55,247,-265,150,-153,48,23.93,47812
-286,7,-444,-91,60,209,-270,108,-164,46,23.91,47898
-1,45,-432,-47,59,173,-292,153,-132,46,23.93,47985
-154,-105,-441,-54,82,137,-274,172,-134,43,23.93,48072
-117,-71,-468,-150,70,190,-265,157,-153,53,23.97,48159
-36,-3,-270,-228,70,228,-274,151,-144,84,23.91,48245
21,56,-233,-388,57,262,-217,170,-135,170,23.91,48332
131,174,-302,-431,52,276,-226,205,-114,457,23.99,48419
-78,93,-212,-532,25,354,-204,163,-121,465,23.79,48506
92,57,-133,-327,-83,462,-155,157,-132,490,23.75,48592
-4,9,-355,86,-177,543,-217,154,-113,517,23.91,48679
-184,4,-347,172,-19,673,-179,125,-106,547,23.97,48766
-54,143,10,221,-83,702,-254,161,-69,501,23.93,48854
50,19,-132,98,-86,762,-235,154,-27,228,23.99,48940
-26,-13,-121,14,-112,811,-285,156,-15,192,23.99,49027
145,22,-268,-70,-163,876,-271,132,-43,250,23.93,49114
104,109,-329,-178,-238,922,-249,165,20,380,23.87,49201
51,22,-148,-247,-345,938,-223,99,2,407,23.99,49287
-62,-21,-17,-228,-426,934,-186,95,59,454,23.99,49374
85,80,-483,-341,-404,911,-210,84,109,457,24.05,49461
-134,99,-414,-278,-309,863,-158,37,189,469,24.03,49547
-8,92,-457,-183,-270,811,-128,151,219,469,24.05,49634
-133,137,-136,179,-182,771,-94,115,120,293,23.97,49721
-3,66,-58,628,-147,752,-142,131,208,497,23.97,49808
-118,32,-279,935,96,749,-117,53,184,76,24.03,49894
-160,98,-218,821,471,817,-233,90,176,40,23.99,49981
201,180,495,3,54,828,-178,109,119,47,24.05,50068
132,134,-265,33,-151,841,-185,82,146,49,23.97,50155
11,113,-270,-48,92,950,-205,110,162,43,23.85,50241
-154,-24,-260,-84,132,995,-141,94,153,46,24.03,50328
68,38,-390,74,-66,1005,-142,94,161,47,24.09,50415
16,8,-401,-99,-11,1063,-145,83,150,45,23.87,50501
-69,-60,-14,-46,-60,1075,-88,75,151,47,23.87,50588
42,-20,100,-106,16,1061,-27,113,147,51,23.87,50675
146,68,-123,-269,-47,1017,-17,76,152,89,23.79,50761
-104,55,-212,-465,-47,970,12,85,118,0,23.81,50848
-100,20,-333,-561,-98,965,76,105,132,1824,23.91,50935
-23,67,-241,-370,-198,1054,113,64,127,1758,23.75,51021
-53,106,-131,-77,-252,1120,146,11,86,0,23.81,51108
-8,124,-110,173,-151,1203,120,66,58,0,23.91,51195
108,118,-89,438,-212,1197,101,103,52,107,23.91,51282
39,75,-173,441,-144,1200,92,115,39,46,23.75,51368
-90,-65,-469,53,-74,1147,71,135,13,46,23.99,51456
-10,12,-133,-12,-77,978,104,159,-51,46,23.87,51543
-63,10,-246,-39,-6,731,101,182,-63,47,23.75,51629
17,49,-267,-62,17,453,105,180,-71,45,23.75,51716
4,52,-259,-63,47,172,102,177,-73,45,23.81,51802
-19,53,-318,-80,69,11,103,180,-75,48,23.75,51889
-5,25,-243,-72,70,33,103,176,-80,45,23.81,51975
-6,38,-255,-69,69,33,104,177,-81,46,23.81,52062
-15,26,-281,-72,73,13,102,179,-79,45,23.87,52148
-1,37,-255,-71,69,41,100,181,-77,48,23.85,52235
-5,34,-266,-73,71,19,103,181,-79,44,23.79,52321
-4,29,-266,-72,72,24,102,181,-74,45,23.79,52408
-5,30,-254,-71,70,34,99,178,-76,45,23.71,52494
1,35,-271,-74,72,16,105,178,-78,45,23.87,52581
-16,30,-275,-70,71,35,105,180,-83,45,23.69,52668
-4,29,-254,-71,70,26,104,181,-74,43,23.69,52754
-2,34,-258,-72,72,19,100,182,-78,44,23.85,52841
5,35,-261,-72,70,36,103,183,-78,45,23.75,52927
-4,38,-261,-69,71,20,104,181,-75,45,23.81,53014
-2,28,-258,-71,72,26,101,177,-77,46,23.85,53100
-2,36,-269,-71,70,32,103,181,-73,43,23.79,53187
-6,30,-267,-71,71,19,98,180,-75,45,23.79,53273
-3,34,-260,-73,70,33,105,179,-77,46,23.85,53360
-7,27,-259,-72,71,27,104,178,-76,44,23.85,53446
-3,33,-263,-72,71,23,103,180,-73,47,23.71,53533
-5,27,-260,-71,71,32,104,175,-78,45,23.85,53619
-5,33,-266,-72,71,23,105,176,-78,45,23.85,53706
-9,35,-267,-72,71,27,106,176,-76,47,23.71,53792
-9,28,-279,-72,70,30,101,177,-75,44,23.81,53879
-7,36,-269,-72,71,23,107,176,-76,43,23.81,53965
0,35,-264,-73,70,28,101,179,-75,43,23.85,54052
-5,37,-256,-72,71,27,105,175,-77,45,23.79,54138
-1,36,-260,-71,71,27,105,177,-77,43,23.79,54225
-6,31,-263,-72,71,27,103,178,-75,45,23.91,54311
-3,35,-267,-71,71,26,103,181,-73,45,23.81,54398
-4,34,-265,-72,71,27,101,181,-75,44,23.87,54484
-2,32,-259,-72,71,27,103,180,-75,43,23.93,54572
-2,33,-260,-72,71,26,101,182,-72,48,23.85,54658
-3,32,-263,-71,71,27,101,181,-72,45,23.85,54745
-3,34,-260,-72,71,26,101,181,-73,43,23.87,54831
-17,44,-251,-71,69,27,77,-60,-256,45,23.87,54918
-3,33,-282,-73,71,28,93,248,67,45,23.87,55004
-16,29,-248,-66,75,28,61,254,-48,45,23.81,55091
-67,25,-284,-84,74,31,94,185,-91,47,23.85,55177
-18,59,-349,-57,72,28,74,158,-31,45,23.93,55264
22,26,-398,-63,73,21,114,134,-55,46,23.93,55350
91,85,-232,-62,82,19,83,140,-44,47,23.91,55437
17,96,-295,-64,71,14,92,127,-69,46,23.97,55524
7,17,-235,-40,75,17,90,138,-47,47,23.97,55610
9,3,-143,-62,78,23,82,149,-99,43,23.97,55696
10,55,-512,-72,72,19,82,169,-70,47,23.91,55783
-16,43,-424,-46,77,19,87,138,-79,46,23.79,55869
65,41,-267,-53,72,27,97,161,-23,45,23.97,55956
42,0,-345,-101,70,32,65,94,-45,48,23.97,56042
135,41,-61,-56,95,26,60,78,-58,49,23.99,56129
66,30,-206,-19,131,32,76,175,-53,49,23.93,56215
101,70,-212,-32,228,33,103,150,-181,53,23.85,56302
3,6,-467,-113,164,45,75,210,-62,53,23.79,56389
18,-7,1,-69,-41,14,85,142,-66,48,23.79,56475
4,26,-191,-109,-148,4,69,148,-80,51,23.85,56561
119,54,-126,-65,18,43,80,126,-73,44,23.85,56648
1,0,-404,-123,62,3,108,148,-57,48,23.75,56735
118,10,-167,-50,76,12,79,118,-142,49,23.87,56821
-24,4,-240,-107,68,21,59,162,-41,46,23.81,56908
-27,17,-197,-114,69,17,81,90,-57,47,23.79,56994
81,64,-84,-52,80,27,67,128,-31,48,23.81,57081
65,81,-145,-81,80,26,80,100,-21,49,23.81,57167
35,34,-165,-163,84,52,63,113,-32,64,23.91,57254
-8,2,-264,-342,99,88,107,56,-34,130,23.85,57340
22,103,-287,-573,105,106,94,98,-49,0,23.85,57427
7,65,-281,-709,116,43,162,46,-17,0,23.81,57513
36,49,-353,-708,143,-61,164,196,-75,0,23.85,57601
23,95,-443,-349,180,-227,206,107,-147,0,23.81,57688
58,78,-4,387,189,-422,189,170,-127,0,23.93,57774
13,66,-172,1200,140,-580,146,78,-24,49,23.79,57861
-278,193,-512,236,101,-466,76,118,-38,50,23.79,57948
110,115,-439,-45,91,-296,84,155,-13,44,23.91,58034
66,83,9,-67,87,-35,78,131,-1,44,23.87,58121
25,268,-403,-64,62,51,78,134,-27,44,23.75,58207
-61,19,-275,-52,69,50,67,113,-17,44,23.91,58294
-38,17,-332,421,420,419,65,118,-20,45,23.79,58380
-72,-57,-250,-134,74,28,68,94,-7,56,23.93,58466
101,129,-118,-293,79,62,100,87,3,89,23.87,58553
-39,19,-233,-436,82,95,115,164,33,270,23.87,58640
-96,-19,-153,-360,60,189,144,77,-20,0,23.97,58726
-34,41,-293,-279,11,323,157,85,-42,0,23.85,58813
164,130,-205,32,-26,450,110,143,-85,0,23.85,58899
89,59,-250,380,-57,545,112,84,-55,82,23.81,58986
-136,-45,-92,653,-46,553,86,95,-49,53,23.79,59072
47,139,112,-141,-1,462,58,135,-70,48,23.87,59159
-51,54,-484,32,35,232,56,150,-76,48,23.93,59246
61,84,-321,-68,53,64,35,229,-82,49,23.87,59332
45,44,-194,-59,53,21,161,28,-57,47,23.87,59419
-103,-24,-299,-70,68,20,96,99,-40,47,23.79,59505
-4,53,-187,-83,68,22,69,165,-87,49,23.81,59592
61,56,-146,-65,68,26,121,138,-80,47,23.79,59678
-59,47,-376,-51,66,25,120,134,-84,49,23.81,59765
-52,34,-191,-78,74,27,86,130,-52,45,23.85,59851
57,58,-174,-32,79,18,95,100,-56,47,23.87,59938
60,25,-33,-49,74,-16,97,85,-144,46,23.91,60024
115,38,-74,-47,80,-43,143,38,-104,46,23.91,60111
-177,46,-408,-21,86,-39,89,187,-62,46,23.91,60197
-119,54,-387,-27,58,-60,80,240,-183,44,23.81,60284
-82,44,-329,1,67,-78,108,127,-160,46,23.81,60371
-156,-11,-195,15,76,-49,99,122,-153,42,23.75,60457
135,97,-253,11,76,-34,44,237,-135,38,23.97,60545
-264,-27,-333,-1,39,22,53,262,-159,37,23.91,60631
98,80,-235,94,37,30,21,44,-58,25,23.87,60718
-238,-58,-273,185,65,48,98,4,-113,32,23.85,60804
141,89,-470,200,17,109,61,75,-46,23,23.85,60891
-209,-56,-483,235,23,189,-9,151,-54,23,23.87,60978
-69,16,-243,194,72,314,-17,231,-140,28,24.03,61064
45,52,-144,-73,99,480,-24,106,-58,19,23.99,61151
-15,44,-310,-321,95,592,19,169,-80,26,23.91,61237
-40,11,-339,-509,149,637,11,101,-53,31,24.05,61324
-195,-9,-314,-493,113,661,85,110,-111,44,24.09,61411
171,89,29,-266,42,632,66,146,-160,44,23.97,61497
-26,25,-390,-15,35,489,102,43,-141,40,23.97,61584
27,11,-388,34,37,425,50,160,-245,41,23.93,61671
40,5,-309,20,39,384,31,-29,-67,35,23.87,61757
121,15,9,-29,26,392,90,169,-216,40,24.05,61844
-99,3,-329,18,34,362,113,182,-297,35,24.09,61930
28,32,-387,-51,23,389,53,128,-352,35,23.91,62017
0,28,-26,-2,53,396,30,170,-167,36,23.99,62103
-82,31,-275,-17,63,428,58,112,-173,38,24.05,62190
88,47,-421,-119,37,436,92,69,-230,36,24.09,62277
-78,45,-293,-82,57,441,67,135,-214,34,24.09,62363
7,91,-120,-147,77,444,-25,221,-210,39,24.03,62450
-137,23,-464,-302,110,470,32,191,-314,43,24.03,62537
-129,-31,-298,-85,100,369,78,61,-258,43,24.05,62623
58,42,-17,-59,9,250,14,16,-163,43,24.09,62710
-36,28,-324,-110,46,280,69,159,-301,46,24.03,62796
38,76,-250,-40,77,288,-40,168,-219,45,24.05,62883
53,35,10,-97,28,286,17,84,-207,46,24.09,62969
-61,19,-512,-17,86,283,42,-54,-282,46,24.09,63056
87,47,-13,-64,58,273,5,134,-247,45,24.09,63142
-155,25,-498,-114,31,287,17,29,-238,44,24.05,63229
108,67,-77,-34,8,266,-17,184,-330,46,23.85,63316
136,84,-86,-80,29,317,-30,237,-293,45,23.93,63403
-136,-14,-116,-79,37,323,-30,94,-282,41,23.93,63490
-93,2,-444,-40,36,329,-31,141,-248,46,23.99,63576
-78,7,-378,-97,12,350,-5,112,-305,45,23.97,63663
40,34,-68,-102,41,331,-18,162,-386,45,24.03,63750
-75,65,57,-73,39,310,-59,-6,-218,40,24.03,63836
-88,38,-482,-90,47,315,-39,179,-316,43,23.97,63923
78,70,-204,-91,41,301,-55,240,-377,43,24.11,64009
-171,-14,-328,-93,41,294,-45,137,-308,43,23.97,64096
-75,45,-383,-14,46,242,-93,229,-246,43,23.87,64183
120,32,-135,-68,50,249,-66,1,-267,43,24.09,64269
-57,22,-158,-39,68,226,-69,63,-246,42,23.97,64356
-90,27,-481,-110,42,240,-93,200,-296,45,23.97,64442
0,46,-120,-73,54,210,-112,152,-290,42,23.91,64529
-49,22,-398,-74,85,137,-86,107,-252,43,23.91,64616
-88,-40,-474,-99,59,110,-109,122,-291,48,23.87,64702
-76,77,-512,-67,71,55,-90,123,-250,49,23.97,64789
-143,122,-315,-87,73,51,-83,54,-298,46,24.03,64876
-37,39,-479,-45,129,46,-112,162,-247,48,23.93,64962
-41,10,-38,-33,156,66,-133,84,-210,52,23.97,65049
106,114,-179,-19,187,82,-141,121,-267,57,23.93,65136
-119,12,-128,-156,164,103,-107,-11,-358,66,23.99,65222
-6,46,-512,-181,121,132,-111,130,-275,84,23.91,65309
-81,-28,-512,-352,4,168,-106,54,-291,128,23.91,65396
-38,24,-512,-179,-86,188,-99,100,-305,122,23.93,65482
-34,53,-397,-26,-72,188,-113,173,-280,90,23.93,65569
-72,16,-432,32,22,200,-135,155,-128,70,23.85,65656
-41,29,-269,87,82,209,-129,98,-263,61,23.93,65742
39,31,-462,-163,-33,230,-128,91,-237,78,23.87,65829
-54,10,-345,-316,-57,237,-133,72,-301,141,23.91,65916
73,57,43,-433,99,234,-105,49,-246,328,23.91,66002
0,148,-274,-494,155,221,-93,134,-228,372,23.91,66089
-86,-44,-419,-501,138,171,-15,69,-329,372,23.85,66177
-19,73,-106,-301,91,55,-26,104,-328,376,23.81,66264
66,-10,-512,-76,0,-53,-20,117,-261,381,23.91,66350
-125,79,-38,201,-36,-170,-9,118,-285,387,23.97,66437
-43,-36,-161,483,181,-224,-59,59,-313,281,23.79,66523
31,30,-274,577,201,-287,-127,101,-243,70,24.09,66610
-23,31,-276,411,221,-307,-109,108,-286,51,23.93,66697
-28,34,-418,-222,71,-328,-85,48,-324,76,23.99,66784
-97,63,129,-228,82,-339,-92,81,-268,93,23.99,66870
88,170,-512,-74,144,-340,-10,61,-306,90,23.93,66957
-25,38,-451,-26,121,-339,-61,87,-278,74,24.05,67044
-99,48,-414,94,184,-333,-73,82,-304,54,24.05,67130
-57,76,-368,-57,146,-345,-56,63,-301,59,24.09,67217
12,88,-121,-148,112,-347,-58,198,-280,71,24.11,67304
-94,-1,-246,-179,137,-321,-17,66,-315,78,24.09,67390
72,38,-381,-107,68,-308,-25,65,-343,72,24.05,67477
-113,46,-222,-9,-18,-313,-49,76,-355,61,24.03,67563
6,95,-303,-153,-103,-300,-37,91,-236,72,24.03,67650
68,-23,-381,-197,118,-214,35,12,-237,86,24.09,67737
10,127,-108,-186,124,-184,3,71,-287,110,24.09,67823
-15,143,-446,-186,86,-158,-3,113,-250,125,24.09,67910
-117,-78,-386,-132,97,-164,54,20,-289,113,24.11,67997
120,146,181,7,122,-188,-1,5,-285,88,23.97,68083
-11,42,-512,146,115,-238,-35,43,-171,55,24.03,68170
-46,-15,-438,172,146,-260,18,73,-368,53,24.05,68257
-99,75,56,-41,82,-266,62,59,-261,49,24.05,68343
-46,37,-450,-42,93,-227,10,100,-289,49,24.05,68430
-65,76,-512,-42,288,-214,-14,55,-282,54,23.91,68516
-7,-14,-250,119,589,-201,8,56,-267,63,24.05,68603
-7,-3,-324,-5,597,-190,-2,48,-330,75,23.99,68689
84,-77,9,13,525,-201,6,156,-313,83,23.87,68776
6,25,-213,-18,318,-207,0,73,-359,83,24.09,68862
-138,66,6,-83,-43,-234,12,40,-300,81,24.09,68950
-55,121,-342,-183,-585,-308,43,48,-334,60,24.05,69037
-57,115,-309,-253,-1042,-327,34,107,-175,74,24.05,69124
170,-20,-242,-294,158,-206,57,67,-306,66,23.91,69210
-94,114,-107,88,86,-119,34,113,-193,45,24.05,69297
-5,32,-216,-25,-5,-43,60,195,-214,45,23.97,69383
98,24,-108,-114,72,129,50,64,-191,46,23.93,69470
79,90,-319,-26,24,277,76,67,-197,44,23.97,69557
-36,72,-245,-74,-102,348,77,78,-194,45,24.03,69643
-151,-9,-199,-74,-279,385,62,78,-148,48,24.05,69730
142,107,-219,-111,-465,364,42,69,-144,62,23.93,69817
-174,22,-312,-330,-501,318,49,29,-208,118,23.93,69903
-29,4,-232,-624,-442,246,34,35,-84,517,23.87,69990
-4,60,-512,-482,-370,141,105,66,-52,517,23.85,70077
92,134,69,-330,-145,72,150,14,-111,519,23.85,70163
158,119,-74,4,149,-7,94,68,-70,517,23.91,70250
-95,-24,-257,371,405,-55,62,82,-121,194,24.03,70337
12,-28,-166,607,582,-87,50,111,-81,55,24.03,70423
156,13,414,188,959,-15,-3,146,-151,48,24.05,70510
33,-42,-175,-23,694,20,70,28,-177,43,24.05,70596
-78,110,-60,-95,137,-6,12,82,-221,44,24.03,70683
-65,15,-271,-124,-346,-43,-5,82,-190,41,24.03,70769
4,93,-233,-206,-656,-55,-11,-9,-165,53,23.97,70856
-183,-24,-22,-212,-587,-93,15,127,-109,73,23.91,70943
9,-33,-297,-401,-234,-113,65,122,-46,114,23.91,71029
-201,-24,-344,-437,70,-152,110,71,-152,165,23.97,71116
-8,24,-170,-130,202,-232,69,56,-44,121,23.91,71203
-42,104,-224,76,291,-287,35,95,-95,80,23.87,71289
2,34,-239,127,293,-344,50,81,-56,55,23.87,71376
-95,101,-433,-173,221,-326,76,112,-100,62,23.87,71463
-147,30,-502,-191,49,-400,47,87,-105,70,23.85,71549
22,34,-152,-187,-101,-452,76,69,-54,71,23.85,71636
77,65,-12,-236,-54,-459,40,127,-58,75,23.85,71724
-9,136,-187,-301,72,-478,81,-50,-122,78,23.81,71810
-213,54,-280,-224,242,-490,101,110,-38,77,23.87,71897
-106,-11,-45,-174,329,-481,91,-1,27,64,23.85,71984
-151,39,-512,-157,474,-444,81,28,-37,58,23.75,72070
-167,-70,-220,-98,558,-391,83,65,-51,54,23.75,72157
-213,-5,-450,-92,537,-328,73,108,-75,52,23.69,72243
-80,-10,-54,-4,528,-252,84,89,-71,48,23.75,72330
-45,7,-82,-38,329,-183,87,101,-108,45,23.79,72417
92,10,12,74,351,-123,96,103,-142,45,23.79,72503
-179,9,-512,-90,318,-51,97,-46,-77,44,23.69,72590
126,56,-42,-38,-18,-26,68,57,-100,43,23.81,72676
-76,127,-371,-101,-70,42,92,24,-93,45,23.75,72763
34,-13,-331,-10,-36,70,58,-57,-51,48,23.75,72849
-145,-15,-512,-126,4,130,74,54,-100,48,23.75,72936
-36,-5,-512,-75,157,158,69,49,-64,44,23.71,73022
-254,-14,-504,-129,227,165,112,-37,-68,52,23.69,73109
24,-6,-287,0,-33,99,59,-20,-96,46,23.79,73195
-181,-48,-335,0,-3,79,87,-20,-80,45,23.85,73282
-153,-53,-512,-31,27,69,35,-22,-64,47,23.81,73368
-106,15,-512,22,107,68,80,-21,-99,46,23.75,73455
81,-12,-226,-141,132,103,88,1,-120,44,23.75,73542
9,-37,-258,-123,228,106,56,15,-89,44,23.75,73628
119,42,-326,-33,91,96,52,29,-113,45,23.79,73715
-98,-24,-400,-100,91,90,75,-7,-107,46,23.79,73801
-55,22,-503,-78,91,90,35,12,-89,42,23.71,73888
34,107,-512,35,61,76,68,-33,-159,46,23.79,73974
76,-4,-68,-73,171,143,52,42,-96,50,23.81,74061
184,43,-134,-45,249,198,34,86,-111,55,23.79,74147
-153,-93,-139,-77,282,256,52,73,-136,57,23.79,74234
-25,-17,-40,-113,226,278,74,35,-181,64,23.69,74321
-58,47,-62,-90,164,307,88,-72,-171,69,23.85,74407
-70,10,-187,-98,107,305,14,-22,-191,66,23.85,74494
107,-92,6,-102,-3,305,35,38,-203,67,23.79,74580
-14,23,-248,-108,13,304,54,117,-244,65,23.81,74668
66,-3,-455,-141,96,310,48,13,-181,70,23.99,74755
-51,-33,-44,-73,141,311,143,-59,-248,70,24.05,74841
-2,125,-262,26,210,250,3,-7,-289,58,23.93,74928
40,-48,-31,237,105,161,-25,-33,-283,49,23.93,75014
-95,46,-186,355,-139,78,-5,2,-264,44,23.79,75101
-36,25,-184,266,-222,28,-78,9,-183,40,23.87,75188
53,-13,-512,14,-40,38,-69,16,-182,39,23.93,75274
-127,-64,93,-235,14,50,-39,31,-208,36,23.79,75361
18,71,-512,-383,-163,29,20,10,-222,36,23.85,75447
-2,37,-89,-354,-233,16,-40,56,-181,35,23.87,75534
-5,76,-397,-388,-65,8,-33,127,-108,38,23.97,75620
-131,-2,-79,-334,90,-13,-3,18,-157,41,23.97,75707
-33,70,-372,-217,124,-36,22,-15,-138,45,23.91,75793
17,4,-421,-257,207,-39,38,15,-116,51,23.81,75880
-19,-97,-51,-9,205,-34,84,-49,-179,55,23.87,75967
76,57,-228,-141,183,-14,62,-35,-167,55,23.93,76053
11,69,-471,-122,139,1,45,-30,-150,63,23.85,76140
-122,24,-268,-119,-48,-2,33,43,-135,62,23.91,76226
-54,-25,-117,-177,-89,15,27,-46,-186,70,23.79,76313
105,154,-226,-57,-83,13,4,26,-122,54,23.85,76399
50,57,-328,188,18,9,37,40,-152,41,23.85,76486
-52,-14,-429,-63,-43,-40,24,44,-130,47,23.81,76572
22,57,40,22,-3,-88,-5,31,-127,50,23.81,76659
188,-158,-252,-130,-81,-146,65,-25,-129,51,23.87,76746
40,36,-32,-72,-74,-198,25,59,-95,53,23.87,76832
120,129,-512,-84,-29,-255,66,25,-132,51,23.93,76919
1,53,-512,-122,-107,-299,2,-3,-85,54,23.85,77005
-240,-17,-184,-202,-293,-293,56,28,-66,59,23.81,77092
45,163,29,-197,-322,-270,9,151,-53,72,23.93,77179
14,-8,-52,-198,-109,-232,54,59,-54,76,23.93,77265
-158,-6,-126,-193,220,-185,62,158,-70,70,23.85,77352
-154,49,88,73,300,-221,47,-16,-37,59,23.85,77438
-34,-42,-292,-71,352,-240,19,36,-62,53,23.85,77526
98,134,-259,-86,167,-296,121,-29,-91,55,23.79,77613
27,39,-308,-161,-61,-300,21,76,-22,56,23.85,77699
68,19,0,-174,-171,-310,27,45,-11,68,23.81,77786
34,-85,-477,-314,-152,-300,55,25,13,89,23.75,77872
-12,3,-359,-452,-38,-305,112,38,-61,134,23.75,77959
29,120,-441,-295,114,-270,116,10,2,171,23.71,78046
-86,11,-131,-159,264,-241,133,17,57,173,23.81,78132
41,1,-227,23,366,-220,91,69,55,131,23.79,78219
-158,-33,-93,147,503,-229,65,66,-28,97,23.75,78306
84,116,-212,244,564,-215,143,2,-20,73,23.79,78392
-59,-4,-436,271,568,-204,98,-12,-4,56,23.53,78479
-41,-2,15,166,390,-209,-10,35,-44,48,23.81,78565
155,50,-448,-128,113,-182,48,34,-177,47,23.81,78652
131,2,-464,-266,-50,-164,19,-103,100,47,23.81,78739
127,48,-436,-272,93,-125,-25,170,-42,48,23.75,78825
-22,20,-43,-100,444,-59,85,16,-39,47,23.69,78912
228,214,-512,7,652,-52,131,-47,-162,56,23.71,78998
-71,99,-409,-204,345,-33,21,-17,-57,80,23.75,79085
54,4,-233,-211,198,-19,56,38,-127,105,23.69,79172
-28,75,-444,-143,135,-24,93,6,-150,136,23.59,79258
-198,-108,-9,-131,162,-24,71,18,-99,160,23.65,79345
101,120,-245,-8,168,-22,98,47,-124,178,23.65,79432
-139,35,-318,-25,119,0,13,54,-134,189,23.69,79518
23,44,-349,-7,102,-5,78,-11,-90,212,23.75,79605
-35,50,-171,-73,66,-25,26,49,-111,235,23.69,79691
28,-31,-369,-94,-106,-29,24,-57,-120,234,23.69,79778
-77,23,-171,-64,-207,-38,36,140,-65,250,23.75,79864
88,19,-36,-188,-215,-53,88,-14,-39,301,23.57,79951
138,-15,-234,-268,-142,-52,0,51,-31,395,23.59,80038
64,133,-512,-298,-45,-53,80,65,-17,0,23.59,80124
-9,114,-267,-298,109,-35,89,-6,0,0,23.59,80211
123,-41,-124,-293,358,-13,103,110,-10,1839,23.57,80297
3,52,-481,-266,439,3,97,50,4,1822,23.53,80385
29,57,-219,-206,281,-9,121,4,-59,0,23.63,80471
-143,66,-467,20,20,-53,160,50,-51,0,23.59,80558
20,-21,-512,65,-96,-67,76,55,-68,0,23.57,80644
35,1,-354,111,-50,-57,118,-17,-36,0,23.63,80731
-233,70,-292,131,125,-27,90,203,-48,637,23.63,80818
174,14,-58,75,184,-30,65,78,-69,277,23.63,80904
107,62,70,117,87,-54,141,1,-56,168,23.59,80991
-26,-29,-354,-88,-292,-70,52,1,-58,124,23.65,81077
-257,-14,-263,324,-263,16,59,2,-33,55,23.65,81164
-95,-6,-279,107,-347,77,29,4,8,61,23.69,81250
-12,119,-324,-405,-604,140,55,-10,125,134,23.79,81337
-48,3,-72,-704,-598,214,81,-4,65,0,23.79,81423
-94,79,-267,-722,-451,238,96,137,-92,0,23.79,81510
-84,-24,-184,-540,-68,279,82,-30,173,1990,23.75,81597
-181,-6,-220,-66,495,331,160,11,58,701,23.85,81683
-219,47,-230,431,873,339,152,-101,95,0,23.81,81770
-140,-21,-67,685,819,305,120,-90,-8,0,23.85,81857
26,42,-381,609,592,258,70,-61,4,333,23.85,81943
-62,67,-169,117,282,224,76,-36,-46,344,23.79,82030
-63,-47,-366,-331,-117,143,47,4,-20,0,23.65,82116
142,97,-152,-606,-402,110,116,14,-75,0,23.75,82203
222,39,-471,-622,-510,67,123,-40,-2,0,23.75,82290
-66,67,-474,-204,-266,59,136,-29,-9,0,23.63,82376
78,-16,-114,232,2,48,184,-34,-18,0,23.71,82463
-25,83,-393,504,132,64,136,-8,-8,297,23.71,82549
62,164,25,374,197,92,154,22,6,164,23.79,82636
-142,55,-446,-5,143,120,92,14,-67,134,23.85,82722
12,71,-267,-159,-9,71,79,-21,-69,141,23.81,82809
91,23,-512,7,223,100,153,-37,-68,107,23.97,82896
4,-12,-266,-100,268,112,99,41,-52,125,23.97,82982
-65,-106,-254,-221,89,85,84,11,-40,226,23.97,83069
73,129,-249,-225,70,106,109,-34,-64,367,23.99,83155
-126,87,-293,-189,-17,125,112,-12,-47,0,23.81,83243
-42,127,-512,-155,-68,98,137,11,-46,531,24.03,83330
108,55,-49,136,1,64,158,-81,-58,149,23.85,83416
-12,59,-403,339,96,64,148,-45,-62,68,23.99,83503
-60,117,27,485,223,61,125,-31,-5,43,23.79,83589
-258,3,61,273,288,44,9,31,-36,38,23.97,83676
-40,28,-203,139,117,-16,69,33,-106,31,23.97,83762
74,-7,-261,-98,-117,-36,14,35,-67,28,23.91,83849
-197,-11,-332,-215,-120,-42,-31,8,-65,38,24.03,83936
-53,154,-477,-291,-117,12,50,51,11,44,23.97,84022
286,102,-432,-174,-17,40,58,61,-2,45,23.97,84109
-1,95,-205,18,88,45,70,20,-4,40,23.87,84195
18,-77,-409,161,141,43,-2,9,-2,36,23.81,84282
-35,64,-80,191,269,78,10,54,-33,31,23.91,84368
35,22,-79,-62,241,110,-9,2,13,32,23.91,84454
163,15,-233,-270,158,116,50,-16,-139,39,23.97,84541
-156,-4,-318,-345,-5,99,53,12,-4,42,23.87,84628
-2,83,-327,-260,-63,92,31,82,-162,42,23.91,84714
-39,-20,-153,-135,134,127,26,29,-13,42,23.93,84801
-103,42,-512,61,210,175,81,41,-128,35,23.91,84887
-171,-28,-157,130,123,188,40,14,-85,34,23.91,84974
74,-29,-490,16,-65,172,-7,7,-61,32,23.99,85060
152,76,107,2,-26,205,40,103,-99,33,23.93,85147
-20,-73,-205,118,84,228,-11,31,-62,25,23.93,85234
6,56,-331,185,163,222,16,-27,-7,26,23.87,85320
-99,70,-150,206,86,189,26,-2,-111,36,23.97,85407
89,40,-78,221,18,172,22,-1,-72,29,23.97,85493
-66,-42,-233,151,24,159,-35,28,-64,24,23.99,85580
-171,63,-168,82,49,148,-55,32,-79,23,23.91,85666
-78,-48,-198,89,55,147,-46,83,-86,20,23.91,85753
-114,36,-512,-33,81,113,-19,89,-78,22,23.99,85839
-102,-46,-46,-296,98,90,14,39,-59,31,23.99,85926
111,-90,-331,-351,128,61,-2,16,-56,33,23.87,86012
27,86,-59,-376,82,24,-46,72,-87,26,23.91,86099
93,-21,-101,-290,91,-7,-31,35,-72,29,23.87,86185
-82,42,-286,-121,84,-59,14,35,-93,27,23.79,86273
-147,-53,-404,-5,67,-110,-11,-88,-93,33,23.97,86359
-27,-36,-417,67,38,-166,-13,17,-56,31,23.75,86446
-24,175,-508,13,20,-211,-8,20,-137,25,23.85,86533
-178,5,208,-160,-60,-227,18,1,-3,24,23.71,86619
-161,-54,-152,-402,-196,-238,3,162,-101,30,23.71,86706
-80,-13,-315,-429,-40,-233,27,52,-18,41,23.79,86792
72,74,190,-312,244,-194,45,60,-23,51,23.69,86879
79,42,-512,-369,546,-164,123,-21,-90,69,23.81,86966
-277,15,-293,-330,687,-140,42,18,-63,108,23.75,87052
92,-45,-58,-319,555,-196,89,12,-96,147,23.63,87139
149,-96,-154,-121,315,-241,74,38,-52,186,23.69,87226
193,121,-453,-100,106,-267,156,8,-114,187,23.69,87312
-114,97,-424,-38,-59,-294,57,0,-41,119,23.69,87399
-175,-66,57,298,-243,-307,137,-182,-22,52,23.79,87486
-113,68,-512,197,-617,-308,11,91,-44,45,23.81,87572
29,-41,0,114,-30,-245,26,18,29,30,23.71,87659
95,69,-298,393,66,-192,40,-2,-40,23,23.79,87745
-127,-12,-7,548,112,-129,5,-71,18,32,23.85,87832
15,34,-123,418,200,-57,-132,42,-14,30,23.71,87919
43,118,-39,209,195,-48,-100,123,21,29,23.63,88005
154,14,-127,-139,63,-39,-133,204,48,33,23.63,88092
85,88,-357,-563,-51,-13,-90,141,-80,42,23.65,88178
2,27,-409,-835,-270,27,-80,87,88,44,23.69,88265
-38,64,-263,-272,-317,30,-57,340,38,39,23.75,88352
174,106,-512,-122,713,138,153,238,110,50,23.71,88438
81,30,-440,-779,372,147,169,169,-9,46,23.59,88525
113,32,-157,-205,104,192,136,151,-22,45,23.75,88612
75,29,-376,-103,70,213,123,141,-28,43,23.63,88698
-10,-25,-52,-83,41,229,113,116,-41,15,23.57,88785
27,-21,-105,-53,230,-1430,114,107,-23,11,23.57,88872
-90,-124,-178,0,0,0,134,90,-18,11,23.59,88958
120,-134,-367,-17,138,-88,134,86,-6,13,23.63,89046
-9,35,-148,-90,76,81,120,99,-2,13,23.53,89132
13,25,-225,-68,69,42,117,100,-7,11,23.65,89219
-12,20,-297,-74,75,-5,116,98,-8,15,23.63,89305
-13,24,-301,-67,69,44,117,96,-10,12,23.63,89392
1,37,-270,-72,69,38,115,98,-9,11,23.59,89478
-10,28,-262,-76,73,3,120,95,-5,9,23.59,89564
-12,30,-271,-71,70,34,122,97,-4,4,23.65,89651
3,32,-257,-69,71,39,118,96,-5,15,23.65,89737
-2,31,-275,-74,72,10,119,98,-6,11,23.65,89824
-4,30,-256,-73,70,26,119,96,-6,7,23.59,89910
0,35,-265,-69,70,40,120,98,-7,10,23.71,89996
-1,41,-256,-73,72,19,114,98,-10,13,23.71,90083
-14,31,-261,-73,71,20,116,97,-5,9,23.53,90169
-10,33,-260,-71,70,36,118,96,-6,13,23.53,90256
-4,30,-262,-72,71,25,116,99,-3,14,23.53,90342
-5,33,-258,-74,72,18,117,98,-7,11,23.63,90429
-3,32,-272,-70,71,32,117,98,-3,12,23.63,90515
-2,33,-264,-71,71,31,116,98,-1,17,23.59,90601
0,36,-264,-73,71,19,114,98,-8,8,23.71,90688
-5,31,-264,-71,71,28,116,97,-2,9,23.47,90774
0,33,-264,-70,71,32,118,99,-5,13,23.53,90861
-1,37,-257,-72,71,23,119,96,-1,10,23.53,90947
-3,33,-267,-71,71,23,116,97,-4,8,23.59,91033
-1,30,-263,-69,71,30,117,95,-8,4,23.51,91120
-1,32,-270,-71,71,28,117,98,-1,11,23.53,91206
-4,31,-258,-73,71,23,119,94,-4,13,23.69,91293
-2,32,-263,-72,71,27,119,99,-2,14,23.59,91379
-3,33,-255,-72,71,29,119,97,-6,16,23.63,91465
-1,32,-267,-72,71,25,114,94,-7,8,23.59,91552
-5,32,-261,-72,71,26,117,98,-9,10,23.59,91638
-3,30,-262,-71,70,29,117,96,-5,10,23.65,91725
0,33,-262,-71,71,27,118,98,-9,10,23.63,91811
-2,32,-262,-71,71,26,119,98,-11,13,23.63,91898
-3,32,-263,-72,71,24,120,98,-9,5,23.79,91984
-4,32,-263,-72,71,27,117,99,-5,12,23.59,92070
-2,33,-262,-71,71,29,119,95,-10,10,23.57,92157
-2,33,-261,-72,70,25,119,99,-8,3,23.65,92243
-3,32,-262,-71,71,25,118,98,-11,12,23.65,92331
-2,32,-264,-71,70,28,116,96,-7,11,23.71,92417
-1,34,-261,-72,71,27,117,97,-9,7,23.59,92503
-2,33,-262,-71,71,25,120,98,-7,14,23.75,92590
-2,31,-263,-71,71,27,117,98,-6,6,23.69,92676
-2,32,-264,-71,71,29,117,94,-6,14,23.69,92763
-3,33,-262,-71,71,26,116,95,-5,13,23.63,92849
-2,32,-263,-72,71,26,118,98,-6,9,23.65,92935
-2,32,-261,-72,71,28,118,96,-8,19,23.65,93022
